{"episodes": [0, 1, 2, 3, 4, 5, 6, 7, 8, 9, 10, 11, 12, 13, 14, 15, 16, 17, 18, 19, 20, 21, 22, 23, 24, 25, 26, 27, 28, 29, 30, 31, 32, 33, 34, 35, 36, 37, 38, 39, 40, 41, 42, 43, 44, 45, 46, 47, 48, 49, 50, 51, 52, 53, 54, 55, 56, 57, 58, 59, 60, 61, 62, 63, 64, 65, 66, 67, 68, 69, 70, 71, 72, 73, 74, 75, 76, 77, 78, 79, 80, 81, 82, 83, 84, 85, 86, 87, 88, 89, 90, 91, 92, 93, 94, 95, 96, 97, 98, 99, 100, 101, 102, 103, 104, 105, 106, 107, 108, 109, 110, 111, 112, 113, 114, 115, 116, 117, 118, 119, 120, 121, 122, 123, 124, 125, 126, 127, 128, 129, 130, 131, 132, 133, 134, 135, 136, 137, 138, 139, 140, 141, 142, 143, 144, 145, 146, 147, 148, 149, 150, 151, 152, 153, 154, 155, 156, 157, 158, 159, 160, 161, 162, 163, 164, 165, 166, 167, 168, 169, 170, 171, 172, 173, 174, 175, 176, 177, 178, 179, 180, 181, 182, 183, 184, 185, 186, 187, 188, 189, 190, 191, 192, 193, 194, 195, 196, 197, 198, 199], "returns": [0.0, 0.0, 0.0, 0.0, 0.0, 0.96059601, 0.0, 0.0, 0.9227446944279201, 0.5582661385478637, 0.0, 0.0, 0.0, 0.421334222154768, 0.0, 0.0, 0.0, 0.0, 0.37723664692350417, 0.0, 0.8863848717161292, 0.0, 0.0, 0.0, 0.0, 0.0, 0.0, 0.5639051904523875, 0.8775210229989678, 0.6622820409839835, 0.0, 0.0, 0.0, 0.0, 0.0, 0.0, 1.0, 0.0, 0.0, 0.0, 0.0, 0.0, 0.6556592205741436, 0.0, 0.0, 0.7323033696543975, 0.0, 0.0, 0.0, 0.0, 0.4298890135238935, 0.0, 0.0, 0.0, 0.0, 0.48499137027416284, 0.0, 0.0, 0.0, 0.0, 0.0, 0.0, 0.8429431933839268, 0.0, 0.0, 0.0, 0.0, 0.8016305895390459, 0.0, 0.39271102835780486, 0.0, 0.7177305325982749, 0.6964132180495735, 0.0, 0.5526834771623851, 0.0, 0.0, 0.0, 0.0, 0.0, 0.7249803359578534, 0.0, 0.0, 0.0, 0.0, 0.0, 0.0, 0.0, 0.0, 0.96059601, 0.7177305325982749, 0.0, 0.0, 0.0, 0.0, 0.0, 0.0, 0.0, 0.0, 0.0, 0.0, 0.43423132679181164, 0.0, 0.0, 0.0, 0.0, 0.9320653479069899, 0.0, 0.0, 0.4298890135238935, 0.0, 0.0, 0.8775210229989678, 0.0, 0.0, 0.4298890135238935, 0.0, 0.0, 0.0, 0.0, 0.0, 0.6491026283684022, 0.0, 0.0, 0.46588077516979337, 0.0, 0.0, 0.6361854860638709, 0.0, 0.0, 0.9135172474836408, 0.0, 0.0, 0.0, 0.0, 0.0, 0.96059601, 0.7471720943315961, 0.0, 0.0, 0.0, 0.5870367819374844, 0.8179069375972308, 0.7323033696543975, 0.4430479816261725, 0.0, 0.0, 0.0, 0.0, 0.0, 0.0, 0.0, 0.6426116020847181, 0.7778213593991467, 0.0, 0.0, 0.0, 0.0, 0.96059601, 0.0, 0.0, 0.0, 0.0, 0.0, 0.5526834771623851, 0.0, 0.0, 0.0, 0.0, 0.0, 0.0, 0.0, 0.9801, 0.0, 0.6426116020847181, 0.0, 0.0, 0.941480149401, 0.6757290490602831, 0.0, 0.0, 0.6622820409839835, 0.0, 0.99, 0.6556592205741436, 0.0, 0.37346428045426916, 0.0, 0.0, 0.0, 0.0, 0.43423132679181164, 0.0, 0.37723664692350417, 0.38489607889348454, 0.37723664692350417, 0.0, 0.0, 0.7249803359578534, 0.0]}