{"RandomAgent": [0.0, 0.0, 0.0, 0.0, 0.0, 0.0, 0.0, 0.0, 0.0, 0.0, 0.0, 0.0, 0.3887839180742268, 0.0, 0.0, 0.0, 0.0, 0.0, 0.0, 0.0, 0.9135172474836408, 0.7856781408072188, 0.0, 0.0, 0.0, 0.0, 0.6298236312032323, 0.0, 0.0, 0.598956006466161, 0.0, 0.0, 0.0, 0.7177305325982749, 0.0, 0.0, 0.0, 0.0, 0.0, 0.0, 0.0, 0.0, 0.5471566423907612, 0.0, 0.0, 0.0, 0.0, 0.0, 0.0, 0.6964132180495735, 0.9320653479069899, 0.0, 0.0, 0.0, 0.8179069375972308, 0.0, 0.0, 0.0, 0.0, 0.0, 0.9135172474836408, 0.0, 0.0, 0.0, 0.0, 0.611117239532865, 0.0, 0.0, 0.0, 0.6757290490602831, 0.0, 0.0, 0.0, 0.0, 0.0, 0.0, 0.0, 0.0, 0.6689717585696803, 0.0, 0.0, 0.99, 0.5309055429551132, 0.0, 0.8863848717161292, 0.0, 0.0, 0.0, 0.0, 0.0, 0.6964132180495735, 0.0, 0.0, 0.6298236312032323, 0.0, 0.0, 0.0, 0.0, 0.0, 0.7623427143471035, 0.0, 0.7323033696543975, 0.0, 0.0, 0.0, 0.0, 0.0, 0.5416850759668536, 0.0, 0.7856781408072188, 0.0, 0.5048858887870696, 0.0, 0.8429431933839268, 0.0, 0.0, 0.7547192872036326, 0.0, 0.0, 0.0, 0.0, 0.5696012024771592, 0.0, 0.0, 0.0, 0.0, 1.0, 0.43861750180991077, 0.43423132679181164, 0.0, 0.0, 0.5639051904523875, 0.0, 0.0, 0.0, 0.0, 0.0, 0.0, 0.0, 0.0, 0.0, 0.0, 0.0, 0.0, 0.617290140942288, 0.0, 0.0, 0.0, 0.0, 0.0, 0.0, 0.0, 0.0, 0.0, 0.0, 0.0, 0.0, 0.0, 0.0, 0.0, 0.0, 0.0, 0.0, 0.0, 0.3887839180742268, 0.0, 0.0, 0.0, 0.8953382542587164, 0.0, 0.0, 0.0, 0.0, 0.0, 0.0, 0.0, 0.0, 0.0, 0.0, 0.0, 0.7700431458051551, 0.0, 0.0, 0.0, 0.0, 0.49483865960020695, 0.0, 0.8179069375972308, 0.9227446944279201, 0.0, 0.0, 0.0, 0.0, 0.8775210229989678, 0.37346428045426916, 0.8429431933839268, 0.0, 0.0, 0.7471720943315961, 0.0], "SARSALearner": [0.0, 0.0, 0.0, 0.0, 0.0, 0.7856781408072188, 0.0, 0.0, 0.0, 0.0, 0.96059601, 0.0, 0.0, 0.0, 0.0, 0.0, 0.9801, 0.0, 0.0, 0.0, 0.0, 0.9509900498999999, 0.0, 0.0, 1.0, 0.0, 0.0, 0.0, 0.941480149401, 0.0, 0.0, 0.0, 0.0, 0.0, 0.0, 0.0, 0.0, 0.0, 0.0, 0.0, 0.0, 1.0, 0.0, 0.0, 1.0, 0.0, 0.0, 0.0, 0.0, 0.0, 0.0, 0.0, 0.0, 0.0, 0.0, 0.9509900498999999, 0.0, 0.0, 0.0, 0.970299, 0.0, 0.970299, 0.0, 0.0, 0.0, 1.0, 0.0, 0.0, 0.970299, 1.0, 0.0, 0.0, 0.0, 0.0, 0.0, 0.96059601, 0.0, 0.0, 0.0, 0.0, 0.9801, 0.0, 0.0, 0.0, 0.0, 0.9509900498999999, 0.0, 0.0, 0.0, 0.9509900498999999, 0.0, 0.0, 0.0, 0.9801, 0.0, 0.970299, 0.9509900498999999, 0.970299, 0.9320653479069899, 0.0, 0.0, 1.0, 0.941480149401, 0.0, 0.0, 0.0, 0.0, 0.0, 0.0, 0.0, 0.0, 0.0, 0.0, 0.0, 1.0, 0.0, 0.0, 0.0, 0.0, 0.0, 0.0, 0.0, 0.0, 0.0, 0.0, 0.0, 0.0, 0.970299, 0.0, 0.0, 0.0, 0.0, 0.0, 0.0, 0.0, 0.0, 0.941480149401, 0.0, 0.0, 0.0, 0.0, 0.0, 0.0, 0.9801, 0.0, 0.0, 0.0, 0.0, 0.96059601, 0.96059601, 0.0, 0.0, 0.970299, 0.0, 0.0, 0.9509900498999999, 0.0, 0.0, 0.9320653479069899, 0.0, 0.0, 0.0, 0.0, 0.0, 0.0, 0.0, 0.0, 0.0, 0.0, 0.0, 0.0, 0.0, 0.0, 0.0, 0.0, 0.0, 0.0, 0.970299, 0.0, 0.970299, 0.0, 0.0, 0.970299, 0.0, 0.0, 0.0, 0.0, 0.9509900498999999, 0.0, 0.0, 0.9801, 0.0, 0.0, 0.0, 0.0, 0.0, 0.0, 0.0, 0.0, 0.0], "QLearner": [0.9320653479069899, 0.0, 0.0, 0.0, 0.0, 0.4998370298991989, 0.0, 0.8953382542587164, 0.8687458127689782, 0.0, 1.0, 0.0, 0.0, 0.0, 0.9320653479069899, 0.0, 0.0, 0.0, 0.0, 0.0, 0.0, 0.0, 1.0, 0.0, 0.0, 0.970299, 0.99, 0.0, 0.0, 0.99, 0.0, 0.0, 0.9509900498999999, 0.0, 0.0, 0.0, 0.941480149401, 0.941480149401, 0.0, 0.0, 0.96059601, 0.0, 0.0, 0.9801, 0.0, 0.0, 0.9320653479069899, 0.0, 0.0, 0.970299, 0.0, 0.941480149401, 0.0, 0.96059601, 0.0, 0.0, 0.0, 0.0, 0.0, 0.9320653479069899, 0.0, 0.9509900498999999, 0.0, 0.0, 0.99, 0.0, 0.0, 0.9801, 0.0, 0.0, 0.0, 0.0, 1.0, 0.9320653479069899, 0.9135172474836408, 0.0, 0.0, 0.0, 0.0, 0.0, 0.9227446944279201, 0.0, 0.9801, 0.9801, 0.0, 0.0, 0.9801, 0.941480149401, 0.0, 1.0, 0.96059601, 0.96059601, 0.9509900498999999, 0.970299, 1.0, 0.0, 0.96059601, 0.0, 0.0, 0.0, 0.970299, 0.0, 0.0, 0.0, 0.0, 0.0, 0.0, 0.0, 0.9509900498999999, 0.0, 0.0, 0.0, 0.0, 0.0, 0.0, 0.0, 0.9135172474836408, 0.0, 1.0, 0.9509900498999999, 0.96059601, 0.970299, 0.0, 0.0, 0.0, 0.9801, 0.0, 0.0, 0.0, 0.0, 0.0, 1.0, 0.0, 0.0, 0.0, 0.0, 0.0, 0.9801, 0.0, 0.0, 0.9320653479069899, 0.9509900498999999, 0.9509900498999999, 0.96059601, 0.0, 0.970299, 1.0, 0.9509900498999999, 0.0, 0.0, 0.0, 0.9801, 0.99, 0.9801, 1.0, 0.99, 0.0, 0.0, 0.0, 0.0, 0.970299, 0.0, 0.0, 0.970299, 0.96059601, 0.970299, 0.0, 0.0, 0.970299, 0.0, 0.941480149401, 0.99, 0.9320653479069899, 0.9801, 0.0, 0.0, 0.0, 0.0, 0.941480149401, 0.9509900498999999, 0.0, 0.96059601, 0.9227446944279201, 0.0, 0.0, 0.941480149401, 0.0, 0.9801, 0.0, 0.9509900498999999, 0.0, 0.0, 0.0, 0.9227446944279201, 0.0, 0.0, 0.0, 0.96059601, 0.9509900498999999, 0.0], "TDLambdaLearner": [0.0, 0.0, 0.0, 0.7778213593991467, 0.0, 0.9509900498999999, 0.0, 0.0, 0.0, 0.0, 0.96059601, 0.9320653479069899, 0.9801, 0.0, 0.0, 0.9801, 0.970299, 0.9320653479069899, 0.0, 0.9320653479069899, 0.0, 0.0, 0.0, 0.0, 0.0, 0.0, 0.0, 0.0, 0.0, 0.9135172474836408, 0.0, 0.0, 0.9320653479069899, 0.970299, 0.0, 0.0, 0.9227446944279201, 0.0, 0.8179069375972308, 0.0, 0.9509900498999999, 0.0, 1.0, 0.0, 0.9135172474836408, 0.9320653479069899, 0.0, 0.0, 0.9801, 0.96059601, 0.0, 0.96059601, 0.9227446944279201, 0.0, 0.941480149401, 0.0, 0.9801, 0.0, 0.43423132679181164, 0.0, 0.96059601, 0.9509900498999999, 0.0, 0.6491026283684022, 0.970299, 0.9320653479069899, 0.0, 0.9227446944279201, 0.0, 0.9509900498999999, 0.0, 0.0, 0.0, 0.99, 0.0, 0.99, 0.99, 0.0, 0.941480149401, 0.96059601, 0.0, 0.0, 0.0, 0.9509900498999999, 0.0, 0.0, 0.0, 0.0, 0.0, 0.99, 0.0, 0.0, 0.9320653479069899, 0.0, 0.9320653479069899, 0.970299, 0.0, 0.9227446944279201, 0.0, 0.0, 0.0, 0.0, 0.9801, 0.99, 0.9801, 0.99, 0.9509900498999999, 0.0, 0.0, 0.0, 1.0, 0.0, 0.9320653479069899, 0.0, 0.9135172474836408, 0.0, 0.0, 0.941480149401, 0.96059601, 0.99, 0.0, 0.0, 0.0, 0.0, 0.0, 0.0, 1.0, 0.0, 0.0, 0.0, 0.0, 0.0, 0.9509900498999999, 0.0, 0.9320653479069899, 0.0, 0.0, 0.0, 0.0, 0.0, 0.0, 0.0, 0.0, 0.7105532272722921, 0.0, 0.0, 0.0, 0.941480149401, 0.0, 0.0, 0.0, 0.99, 0.99, 0.0, 0.9509900498999999, 0.0, 0.0, 0.0, 0.0, 0.0, 0.9320653479069899, 0.9227446944279201, 0.96059601, 0.0, 0.941480149401, 0.941480149401, 0.9320653479069899, 0.99, 0.99, 0.9320653479069899, 0.0, 0.0, 0.9135172474836408, 0.4430479816261725, 0.0, 0.0, 0.5471566423907612, 0.9320653479069899, 0.0, 0.9320653479069899, 0.9801, 0.9227446944279201, 0.9135172474836408, 1.0, 0.9320653479069899, 0.0, 1.0, 0.0, 0.0, 0.9227446944279201, 0.99, 0.9320653479069899, 0.0, 0.0, 0.0, 0.0, 1.0, 0.0, 0.0, 0.0]}